id,first_name,last_name,email,gender,class
1,Kelcey,Russe,krusse0@dailymail.co.uk,Female,C
2,Leese,Beckinsale,lbeckinsale1@umich.edu,Female,C
3,Lalo,Gregoire,lgregoire2@ft.com,Male,B
4,Hamish,Alenichev,halenichev3@uol.com.br,Male,F
5,Dorothea,Jahndel,djahndel4@seattletimes.com,Female,G
6,Zita,Craney,zcraney5@discovery.com,Female,F
7,Ermengarde,Coat,ecoat6@dion.ne.jp,Genderqueer,C
8,Maddy,Woolpert,mwoolpert7@japanpost.jp,Female,A
9,Cecilia,Sutworth,csutworth8@shutterfly.com,Female,H
10,Panchito,Colquitt,pcolquitt9@people.com.cn,Male,G
11,Demetre,Tibbetts,dtibbettsa@comsenz.com,Male,C
12,Cynthea,Halm,chalmb@prweb.com,Female,A
13,Jelene,Streeten,jstreetenc@t-online.de,Female,H
14,Bianca,Littleover,blittleoverd@utexas.edu,Female,H
15,Dolly,Duncan,dduncane@howstuffworks.com,Female,A
16,Ingemar,Badham,ibadhamf@hc360.com,Male,F
17,Courtnay,Flegg,cfleggg@amazon.co.jp,Female,I
18,Francklyn,Scoone,fscooneh@surveymonkey.com,Male,J
19,Chiquita,Barter,cbarteri@bbc.co.uk,Female,I
20,Marj,Turmall,mturmallj@gov.uk,Female,F
21,Wittie,Chin,wchink@ftc.gov,Male,D
22,Gilberte,Georgeon,ggeorgeonl@macromedia.com,Female,I
23,Ode,Ivancevic,oivancevicm@who.int,Male,I
24,Philis,Wagnerin,pwagnerinn@cloudflare.com,Genderqueer,J
25,Breanne,Tolchard,btolchardo@google.fr,Agender,F
26,Andreas,Hubbard,ahubbardp@cbslocal.com,Male,G
27,Byrom,Yakhin,byakhinq@tumblr.com,Male,B
28,Eleanor,Stoakley,estoakleyr@unc.edu,Female,A
29,Ashien,Dorrance,adorrances@dot.gov,Female,F
30,Elli,Shelley,eshelleyt@webnode.com,Female,E
31,Lodovico,Ashmole,lashmoleu@newsvine.com,Male,I
32,Larissa,Blackett,lblackettv@joomla.org,Female,F
33,Zane,Brewin,zbrewinw@jiathis.com,Male,A
34,Aili,Cund,acundx@cam.ac.uk,Female,J
35,Sanford,Jagg,sjaggy@blogtalkradio.com,Male,H
36,Luci,Espinel,lespinelz@blogtalkradio.com,Female,C
37,Jillayne,MacCaughan,jmaccaughan10@china.com.cn,Female,B
38,Lilllie,Scampion,lscampion11@symantec.com,Female,C
39,Beverlie,Barrow,bbarrow12@amazonaws.com,Female,G
40,Cecil,Skayman,cskayman13@nba.com,Female,D
41,Cherie,Berndtssen,cberndtssen14@elpais.com,Female,H
42,Bartlett,Stevens,bstevens15@wordpress.com,Male,B
43,Basia,Eickhoff,beickhoff16@oakley.com,Female,F
44,Ursa,Mattack,umattack17@uiuc.edu,Female,C
45,Marsha,O'Mailey,momailey18@guardian.co.uk,Female,F
46,Solly,Takle,stakle19@twitter.com,Male,H
47,Katrina,Stirley,kstirley1a@squidoo.com,Female,G
48,Hillery,Brockwell,hbrockwell1b@usatoday.com,Male,H
49,Bird,Clee,bclee1c@admin.ch,Female,E
50,Giorgi,Lowin,glowin1d@wp.com,Male,A
51,Ev,Faustin,efaustin1e@usnews.com,Male,A
52,Winni,Soles,wsoles1f@mail.ru,Female,G
53,Anallise,Pavett,apavett1g@vk.com,Genderqueer,D
54,Nicki,Conklin,nconklin1h@about.com,Female,B
55,Calley,Ros,cros1i@alibaba.com,Non-binary,H
56,Austin,Sivill,asivill1j@mapy.cz,Male,C
57,Jared,Lavery,jlavery1k@smugmug.com,Male,A
58,Eldon,Lowers,elowers1l@sakura.ne.jp,Male,G
59,Cybill,Sarfati,csarfati1m@wunderground.com,Female,I
60,Merilee,Ledamun,mledamun1n@about.com,Female,J
61,Babara,Dunderdale,bdunderdale1o@wikia.com,Female,I
62,Jocko,O'Calleran,jocalleran1p@hubpages.com,Male,H
63,Gianina,Mainland,gmainland1q@irs.gov,Female,F
64,Latia,Dore,ldore1r@cocolog-nifty.com,Female,E
65,Leann,Chippin,lchippin1s@about.com,Female,G
66,Sigismundo,Papen,spapen1t@cloudflare.com,Genderqueer,B
67,Ced,Bangle,cbangle1u@chronoengine.com,Male,H
68,Fairlie,Minshall,fminshall1v@auda.org.au,Male,F
69,Ula,Dyneley,udyneley1w@purevolume.com,Female,D
70,Arlina,Skyner,askyner1x@xinhuanet.com,Female,I
71,Gran,Reinisch,greinisch1y@mit.edu,Male,I
72,Noak,Lurcock,nlurcock1z@paginegialle.it,Male,G
73,Mose,Curran,mcurran20@harvard.edu,Male,D
74,Norine,Mattedi,nmattedi21@360.cn,Female,J
75,Dorolice,Trippick,dtrippick22@furl.net,Female,A
76,Sarita,Hassekl,shassekl23@thetimes.co.uk,Female,H
77,Chadd,Ollivier,collivier24@istockphoto.com,Male,F
78,Nichole,Darrington,ndarrington25@blog.com,Male,A
79,Silvanus,Grzegorczyk,sgrzegorczyk26@booking.com,Male,C
80,Stephie,Stacey,sstacey27@cyberchimps.com,Female,G
81,Christine,Cawtheray,ccawtheray28@spotify.com,Female,G
82,Piggy,Ealles,pealles29@multiply.com,Male,D
83,Ivy,Dadswell,idadswell2a@is.gd,Female,H
84,Cletis,Riall,criall2b@hubpages.com,Male,A
85,Pierrette,Owers,powers2c@google.ru,Female,G
86,Dame,Rymer,drymer2d@msu.edu,Male,G
87,Llewellyn,Tester,ltester2e@house.gov,Male,A
88,Lovell,Whordley,lwhordley2f@flickr.com,Male,D
89,Timoteo,Ronchka,tronchka2g@answers.com,Male,H
90,Russell,Deverson,rdeverson2h@barnesandnoble.com,Male,J
91,Chane,Doleman,cdoleman2i@army.mil,Genderqueer,I
92,Rebecka,Pargiter,rpargiter2j@goo.gl,Female,I
93,Cinderella,Bontoft,cbontoft2k@nba.com,Female,A
94,Conchita,Buss,cbuss2l@forbes.com,Female,B
95,Lorita,Neames,lneames2m@discuz.net,Female,J
96,Zilvia,MacCallion,zmaccallion2n@unicef.org,Non-binary,H
97,Godfry,Cragg,gcragg2o@bravesites.com,Male,J
98,Priscilla,Niles,pniles2p@google.com,Female,D
99,Dela,Feehery,dfeehery2q@xing.com,Female,H
100,Travers,Skirving,tskirving2r@gov.uk,Male,H
101,Marice,Haitlie,mhaitlie2s@psu.edu,Female,A
102,Colver,Vasyukhin,cvasyukhin2t@photobucket.com,Male,A
103,Norean,Gleave,ngleave2u@google.nl,Bigender,E
104,Georgette,Raye,graye2v@squidoo.com,Female,A
105,Cecil,Kreutzer,ckreutzer2w@istockphoto.com,Female,D
106,Crystal,Dray,cdray2x@springer.com,Female,F
107,Timoteo,Othick,tothick2y@pcworld.com,Male,I
108,Inge,Sueter,isueter2z@pbs.org,Female,E
109,Conant,Kuhl,ckuhl30@oakley.com,Non-binary,J
110,Burton,Saxby,bsaxby31@newyorker.com,Non-binary,G
111,Harwilll,Dulwich,hdulwich32@goo.ne.jp,Male,F
112,Amelita,Loudon,aloudon33@smugmug.com,Female,B
113,Gwenette,Steanson,gsteanson34@apple.com,Female,A
114,Traci,Della,tdella35@posterous.com,Female,B
115,Elvera,Davioud,edavioud36@nsw.gov.au,Female,D
116,Sheffy,Taborre,staborre37@harvard.edu,Male,G
117,Glen,Cuttles,gcuttles38@twitpic.com,Female,I
118,Breena,Dey,bdey39@techcrunch.com,Agender,G
119,Vera,Titterington,vtitterington3a@ucsd.edu,Female,A
120,Delaney,Stitfall,dstitfall3b@jalbum.net,Male,I
121,Carlotta,Billingsly,cbillingsly3c@tmall.com,Genderfluid,I
122,Maurise,Bindon,mbindon3d@google.ca,Male,D
123,Cher,Randalson,crandalson3e@de.vu,Female,F
124,Silvio,Yule,syule3f@github.com,Polygender,J
125,Darcy,Deverick,ddeverick3g@imgur.com,Male,I
126,Anestassia,Craw,acraw3h@xrea.com,Female,B
127,Conni,Redmond,credmond3i@de.vu,Female,E
128,Jacobo,Jansie,jjansie3j@ebay.co.uk,Male,F
129,Peter,Napolitano,pnapolitano3k@wp.com,Male,I
130,Brett,Yanyshev,byanyshev3l@odnoklassniki.ru,Male,C
131,Glynis,Couch,gcouch3m@fc2.com,Female,E
132,Irina,Joslow,ijoslow3n@list-manage.com,Female,H
133,Annice,Adolphine,aadolphine3o@tinypic.com,Female,J
134,Raymund,Preddle,rpreddle3p@stumbleupon.com,Male,G
135,Bettine,Minillo,bminillo3q@time.com,Female,C
136,Corie,Duffan,cduffan3r@gnu.org,Female,J
137,Lorry,Pretorius,lpretorius3s@acquirethisname.com,Male,J
138,Regine,Schirach,rschirach3t@nasa.gov,Female,F
139,Juanita,McMurty,jmcmurty3u@wsj.com,Female,H
140,Laryssa,Hourigan,lhourigan3v@list-manage.com,Bigender,A
141,Thorvald,Spratling,tspratling3w@cbc.ca,Male,C
142,Dayna,Evershed,devershed3x@weather.com,Female,H
143,Harlin,Carefull,hcarefull3y@joomla.org,Male,J
144,Marijo,Hanfrey,mhanfrey3z@thetimes.co.uk,Female,G
145,Bartholomeus,Woodhead,bwoodhead40@go.com,Male,B
146,Lee,Abbison,labbison41@redcross.org,Male,H
147,Ray,Whitten,rwhitten42@ycombinator.com,Male,D
148,Valeria,Braz,vbraz43@1und1.de,Female,B
149,Kelbee,Chard,kchard44@webmd.com,Male,I
150,Terry,Kettlewell,tkettlewell45@blogtalkradio.com,Male,A
151,Mordecai,Brendel,mbrendel46@google.fr,Male,B
152,Aguste,Geeve,ageeve47@marketwatch.com,Male,F
153,Jarid,Duiguid,jduiguid48@senate.gov,Male,F
154,Sandro,Eam,seam49@economist.com,Male,H
155,Ricardo,Widdison,rwiddison4a@scientificamerican.com,Male,D
156,Andrew,Dulanty,adulanty4b@msn.com,Male,F
157,Peg,Culbert,pculbert4c@dropbox.com,Bigender,H
158,Devin,Wanell,dwanell4d@seattletimes.com,Male,B
159,Benn,Mil,bmil4e@ox.ac.uk,Male,C
160,Clifford,Britch,cbritch4f@accuweather.com,Male,I
161,Jud,Millett,jmillett4g@prweb.com,Male,G
162,Donia,Peinton,dpeinton4h@census.gov,Female,H
163,Hersch,Guidelli,hguidelli4i@sphinn.com,Male,I
164,Eldredge,McSparran,emcsparran4j@nih.gov,Male,C
165,Rufus,Colmer,rcolmer4k@creativecommons.org,Male,A
166,Ambrosio,Blouet,ablouet4l@wordpress.org,Male,A
167,Elias,Purdy,epurdy4m@ft.com,Male,H
168,Nissy,Goodbar,ngoodbar4n@360.cn,Female,D
169,Gannie,O'Henery,gohenery4o@amazon.com,Male,A
170,Lionel,Copcott,lcopcott4p@gizmodo.com,Male,B
171,Jade,Gunnell,jgunnell4q@freewebs.com,Polygender,I
172,Isidro,Pickance,ipickance4r@plala.or.jp,Male,J
173,Rutger,Yakov,ryakov4s@booking.com,Male,F
174,Golda,Skurm,gskurm4t@dropbox.com,Female,J
175,Forester,Hentze,fhentze4u@nba.com,Male,J
176,Binnie,Moroney,bmoroney4v@dagondesign.com,Female,J
177,Mommy,Malatalant,mmalatalant4w@npr.org,Female,F
178,Storm,Overstall,soverstall4x@usda.gov,Female,F
179,Scarface,Haseldine,shaseldine4y@youku.com,Male,F
180,Cahra,Kender,ckender4z@skype.com,Female,G
181,Standford,Gaitung,sgaitung50@mail.ru,Male,J
182,Nadiya,O'Daly,nodaly51@theglobeandmail.com,Genderfluid,F
183,Allister,Limpkin,alimpkin52@yale.edu,Male,J
184,Dulsea,Dicky,ddicky53@cbslocal.com,Female,D
185,Grantley,Penvarne,gpenvarne54@chicagotribune.com,Male,C
186,Claiborne,Pittway,cpittway55@shop-pro.jp,Bigender,H
187,Dillie,Gallico,dgallico56@globo.com,Non-binary,C
188,Gaspar,Winning,gwinning57@google.pl,Male,A
189,Bernetta,Cudmore,bcudmore58@fema.gov,Female,A
190,Kellie,Punter,kpunter59@go.com,Female,G
191,Manfred,Bensley,mbensley5a@xing.com,Male,F
192,Damian,Allawy,dallawy5b@google.it,Male,J
193,Lenna,Gouldsmith,lgouldsmith5c@eventbrite.com,Genderqueer,F
194,Avie,Siburn,asiburn5d@cdc.gov,Female,C
195,Rania,Girling,rgirling5e@deliciousdays.com,Female,D
196,Delmor,Antrum,dantrum5f@ow.ly,Male,F
197,Tadeas,Falshaw,tfalshaw5g@usgs.gov,Male,F
198,Jenica,Garwell,jgarwell5h@edublogs.org,Female,A
199,Antonella,Bliben,abliben5i@hubpages.com,Female,A
200,Staford,Haack,shaack5j@forbes.com,Male,C
201,Towny,Meddemmen,tmeddemmen5k@gravatar.com,Male,G
202,Faye,Bullingham,fbullingham5l@google.com.hk,Female,D
203,Ailene,De Haven,adehaven5m@photobucket.com,Female,D
204,Nicolis,Elven,nelven5n@cbsnews.com,Male,C
205,Samuele,Addy,saddy5o@house.gov,Male,J
206,Patti,Berecloth,pberecloth5p@yellowpages.com,Female,B
207,Karyl,Mogridge,kmogridge5q@loc.gov,Female,J
208,Loren,Erington,lerington5r@apple.com,Female,C
209,Gilly,Boas,gboas5s@un.org,Female,B
210,Waverley,Penkman,wpenkman5t@cdc.gov,Genderqueer,G
211,Nariko,Snawden,nsnawden5u@rediff.com,Female,B
212,Vilma,De Malchar,vdemalchar5v@yale.edu,Female,C
213,Annamaria,Riedel,ariedel5w@ibm.com,Female,F
214,Isaiah,Wrought,iwrought5x@linkedin.com,Male,J
215,Rubie,Stelfox,rstelfox5y@is.gd,Female,I
216,Zed,Joist,zjoist5z@comcast.net,Genderfluid,A
217,Pernell,Jeannesson,pjeannesson60@wp.com,Male,B
218,Gretel,Benbow,gbenbow61@goo.ne.jp,Female,I
219,Bone,Asprey,basprey62@histats.com,Male,A
220,Giusto,Pester,gpester63@craigslist.org,Male,B
221,Danella,Lamcken,dlamcken64@furl.net,Female,B
222,Maje,Pauly,mpauly65@salon.com,Male,I
223,Dita,Smeeth,dsmeeth66@i2i.jp,Polygender,I
224,Janek,Chern,jchern67@studiopress.com,Male,G
225,Edgardo,Shawe,eshawe68@woothemes.com,Male,G
226,Cathlene,Bicknell,cbicknell69@twitter.com,Female,J
227,Normand,Trewhela,ntrewhela6a@cisco.com,Male,G
228,Zachery,Fontenot,zfontenot6b@foxnews.com,Male,C
229,Ianthe,Venmore,ivenmore6c@princeton.edu,Female,B
230,Archibold,Mason,amason6d@jiathis.com,Male,G
231,Dorella,Vicioso,dvicioso6e@merriam-webster.com,Non-binary,H
232,Zora,Ateridge,zateridge6f@wikipedia.org,Female,A
233,Hershel,Simson,hsimson6g@toplist.cz,Male,G
234,Earle,Drews,edrews6h@nps.gov,Male,E
235,Jermain,Ivanichev,jivanichev6i@skyrock.com,Male,F
236,Thebault,Troppmann,ttroppmann6j@redcross.org,Agender,G
237,Ciro,Boyen,cboyen6k@gravatar.com,Male,A
238,Hobard,Spaice,hspaice6l@aol.com,Non-binary,H
239,Quintina,Milburne,qmilburne6m@examiner.com,Female,A
240,Emelina,Cranney,ecranney6n@skyrock.com,Female,A
241,Dunn,Giacobbo,dgiacobbo6o@netvibes.com,Male,F
242,Torrence,Edgler,tedgler6p@mashable.com,Male,J
243,Saxon,Yegorkov,syegorkov6q@cnn.com,Male,B
244,Ricardo,Gwillim,rgwillim6r@opera.com,Male,D
245,Liliane,Colvill,lcolvill6s@goodreads.com,Female,I
246,Anallese,Lanchester,alanchester6t@cisco.com,Female,B
247,Murielle,Mifflin,mmifflin6u@dailymotion.com,Female,H
248,Isabeau,Malec,imalec6v@home.pl,Female,H
249,Lilyan,Duligall,lduligall6w@eventbrite.com,Female,C
250,Juieta,McClifferty,jmcclifferty6x@webnode.com,Female,F
251,Shelley,Flemming,sflemming6y@behance.net,Female,F
252,Hadria,Blann,hblann6z@yahoo.co.jp,Female,H
253,Sidonnie,Kroll,skroll70@wisc.edu,Female,I
254,Deni,Morse,dmorse71@people.com.cn,Female,J
255,Valera,Hamblett,vhamblett72@ebay.co.uk,Genderqueer,G
256,Baxy,Doughty,bdoughty73@jiathis.com,Male,J
257,Ozzie,Crutch,ocrutch74@tumblr.com,Male,B
258,Skell,Stoop,sstoop75@cyberchimps.com,Male,I
259,Ana,Lissandrini,alissandrini76@mail.ru,Female,B
260,Bambie,Dawdary,bdawdary77@blogtalkradio.com,Female,F
261,Adan,Ruppeli,aruppeli78@blinklist.com,Male,B
262,Petrina,Foxten,pfoxten79@ow.ly,Genderfluid,H
263,Gayleen,Shayler,gshayler7a@indiegogo.com,Female,E
264,Tallulah,De Roos,tderoos7b@hp.com,Bigender,D
265,Silvain,Abriani,sabriani7c@altervista.org,Male,H
266,Yasmin,Eyckel,yeyckel7d@cyberchimps.com,Female,C
267,My,Crehan,mcrehan7e@nbcnews.com,Male,F
268,Enid,Hekkert,ehekkert7f@gizmodo.com,Female,H
269,Evvy,Chapelhow,echapelhow7g@yahoo.co.jp,Female,E
270,West,Grunson,wgrunson7h@unblog.fr,Male,F
271,Daffi,Marval,dmarval7i@chronoengine.com,Female,A
272,Caroline,Newlan,cnewlan7j@macromedia.com,Female,C
273,Thornie,Wynn,twynn7k@google.ca,Bigender,C
274,Colene,Bryer,cbryer7l@seattletimes.com,Female,F
275,Roderick,Oylett,roylett7m@tiny.cc,Male,D
276,Garry,Gasken,ggasken7n@miibeian.gov.cn,Male,F
277,Martin,Edds,medds7o@is.gd,Polygender,D
278,Berne,Lisimore,blisimore7p@virginia.edu,Male,F
279,Dorie,Toyne,dtoyne7q@prweb.com,Female,E
280,Glenda,Newnham,gnewnham7r@google.com,Female,G
281,Keelby,O' Dornan,kodornan7s@usatoday.com,Male,D
282,Erinn,Chestnut,echestnut7t@dailymail.co.uk,Female,C
283,Tiebold,Joice,tjoice7u@dot.gov,Male,I
284,Yule,Landis,ylandis7v@barnesandnoble.com,Male,H
285,Demeter,Northridge,dnorthridge7w@alexa.com,Female,D
286,Fleur,Streeton,fstreeton7x@fotki.com,Female,B
287,Cesaro,Fanstone,cfanstone7y@blogspot.com,Male,H
288,Jeannie,Lardier,jlardier7z@sogou.com,Female,E
289,Bobbie,Petrushkevich,bpetrushkevich80@about.com,Female,C
290,Pernell,Di Biasio,pdibiasio81@symantec.com,Male,J
291,Erastus,Andrejs,eandrejs82@php.net,Genderfluid,H
292,Kendal,Skey,kskey83@homestead.com,Male,D
293,Bird,Pighills,bpighills84@marketwatch.com,Female,H
294,Nicky,Skoate,nskoate85@adobe.com,Male,B
295,Rickard,Holdin,rholdin86@godaddy.com,Male,B
296,Vita,Slade,vslade87@google.fr,Female,D
297,Jo,Cham,jcham88@discuz.net,Male,G
298,Wilhelmine,Vant,wvant89@whitehouse.gov,Female,H
299,Reeva,Douce,rdouce8a@istockphoto.com,Female,B
300,August,Whymark,awhymark8b@hc360.com,Male,C
301,Donetta,Pawlett,dpawlett8c@skype.com,Female,J
302,Maury,Crosseland,mcrosseland8d@yelp.com,Male,H
303,Essa,Pearch,epearch8e@prnewswire.com,Female,G
304,Matteo,Beenham,mbeenham8f@lycos.com,Male,A
305,Rolph,Shwenn,rshwenn8g@squidoo.com,Male,G
306,Happy,Jeggo,hjeggo8h@blogtalkradio.com,Female,C
307,Corrianne,Dowdney,cdowdney8i@hc360.com,Female,C
308,Sherline,Roaf,sroaf8j@mtv.com,Female,D
309,Jeramie,Triggle,jtriggle8k@instagram.com,Male,F
310,Annabel,Wedon,awedon8l@bandcamp.com,Female,A
311,Tamara,Singh,tsingh8m@meetup.com,Female,E
312,Markos,Dighton,mdighton8n@nyu.edu,Male,H
313,Rowen,Barnicott,rbarnicott8o@psu.edu,Male,H
314,Patrizia,Clashe,pclashe8p@meetup.com,Female,F
315,Hyacinthia,Toquet,htoquet8q@samsung.com,Female,B
316,Derrek,Sakins,dsakins8r@accuweather.com,Male,G
317,Shepherd,Christon,schriston8s@soundcloud.com,Male,H
318,Kirby,Dealey,kdealey8t@pagesperso-orange.fr,Female,C
319,Maury,Hilland,mhilland8u@diigo.com,Male,B
320,Dougie,Hellicar,dhellicar8v@lulu.com,Male,A
321,Abbie,Simoes,asimoes8w@com.com,Female,I
322,Gottfried,Eddow,geddow8x@biblegateway.com,Male,G
323,Odessa,Rough,orough8y@dailymail.co.uk,Female,H
324,Cristi,Paffitt,cpaffitt8z@stanford.edu,Agender,D
325,Sigmund,Brick,sbrick90@blogger.com,Male,H
326,Neille,Sarney,nsarney91@feedburner.com,Female,C
327,Xever,Klisch,xklisch92@fc2.com,Male,G
328,Rutter,Sleightholm,rsleightholm93@over-blog.com,Male,J
329,Emilia,Andresser,eandresser94@pcworld.com,Female,J
330,Bobbie,Costa,bcosta95@weebly.com,Non-binary,H
331,Rosmunda,Stivens,rstivens96@gov.uk,Female,I
332,Panchito,Maryman,pmaryman97@usda.gov,Male,C
333,Cornelle,Inchbald,cinchbald98@mapy.cz,Female,I
334,Orsa,Nehlsen,onehlsen99@ibm.com,Genderfluid,G
335,Angelo,Kilgallen,akilgallen9a@harvard.edu,Bigender,B
336,Torrie,Thinn,tthinn9b@unesco.org,Female,J
337,Katie,Nickols,knickols9c@amazon.co.uk,Female,J
338,Elaina,Attwool,eattwool9d@sbwire.com,Female,D
339,Federico,Hafford,fhafford9e@furl.net,Male,J
340,Brandi,Goodswen,bgoodswen9f@dell.com,Polygender,A
341,Marci,Antonescu,mantonescu9g@so-net.ne.jp,Female,H
342,Dicky,O'Sculley,dosculley9h@sphinn.com,Male,D
343,Millard,Sambells,msambells9i@ibm.com,Male,A
344,Carolin,Spurritt,cspurritt9j@webs.com,Genderfluid,H
345,Denney,Harriot,dharriot9k@hibu.com,Male,F
346,Brianna,Collough,bcollough9l@g.co,Female,E
347,Buiron,Winsborrow,bwinsborrow9m@admin.ch,Male,B
348,Hendrik,Reboulet,hreboulet9n@opensource.org,Male,B
349,Symon,Whittlesea,swhittlesea9o@reuters.com,Male,J
350,Cyrus,Lowy,clowy9p@icq.com,Male,H
351,Rudiger,Boyne,rboyne9q@liveinternet.ru,Male,J
352,Fee,Elson,felson9r@kickstarter.com,Male,I
353,Reuven,Cham,rcham9s@reference.com,Male,D
354,Kaiser,Archer,karcher9t@cdbaby.com,Male,B
355,Etan,Weinham,eweinham9u@nhs.uk,Male,C
356,Cornie,Tern,ctern9v@ustream.tv,Genderfluid,A
357,Kiele,Ericssen,kericssen9w@wikia.com,Female,F
358,Ailyn,Fasset,afasset9x@unc.edu,Female,J
359,Samson,Bonhill,sbonhill9y@wikia.com,Male,J
360,Lottie,Antonelli,lantonelli9z@omniture.com,Female,G
361,Bobbie,Heinecke,bheineckea0@nba.com,Male,G
362,Ashia,Lisett,alisetta1@hp.com,Female,H
363,Lonnie,Alleyn,lalleyna2@google.it,Male,A
364,Jonathan,Breinl,jbreinla3@hud.gov,Male,G
365,Maribel,Morphew,mmorphewa4@google.ca,Female,C
366,Andriana,Robertsson,arobertssona5@ebay.co.uk,Female,D
367,Lidia,Dering,lderinga6@globo.com,Female,F
368,Lavinia,Iverson,liversona7@chicagotribune.com,Female,B
369,Cris,Whalebelly,cwhalebellya8@ed.gov,Male,I
370,Elaina,Dorey,edoreya9@acquirethisname.com,Female,C
371,Hurley,Braffington,hbraffingtonaa@dmoz.org,Male,G
372,Moselle,Shurmer,mshurmerab@gravatar.com,Female,F
373,Lucas,Sterke,lsterkeac@mayoclinic.com,Male,G
374,Melva,Mulrean,mmulreanad@hubpages.com,Female,J
375,Ardith,Bruford,abrufordae@dedecms.com,Female,G
376,Carver,Densie,cdensieaf@mashable.com,Male,J
377,Marje,Drynan,mdrynanag@comcast.net,Female,G
378,Jamey,Elt,jeltah@dagondesign.com,Male,E
379,Lebbie,Bluschke,lbluschkeai@odnoklassniki.ru,Female,C
380,Redford,Errichiello,rerrichielloaj@cnn.com,Male,B
381,Katee,Simounet,ksimounetak@constantcontact.com,Female,J
382,Alard,Laviss,alavissal@google.com.hk,Male,H
383,Susana,Routhorn,srouthornam@google.com,Female,G
384,Banky,Bensusan,bbensusanan@dropbox.com,Male,J
385,Corey,Caldwall,ccaldwallao@dagondesign.com,Female,B
386,Meara,Slocombe,mslocombeap@newsvine.com,Female,H
387,Shandy,Gronow,sgronowaq@acquirethisname.com,Female,I
388,Waring,Tredgold,wtredgoldar@linkedin.com,Male,E
389,Keary,Burton,kburtonas@ibm.com,Male,E
390,Holly-anne,Gabbitas,hgabbitasat@bandcamp.com,Polygender,I
391,Prescott,Ebunoluwa,pebunoluwaau@oakley.com,Male,J
392,Novelia,Wimbury,nwimburyav@smugmug.com,Female,H
393,Dana,Keizman,dkeizmanaw@rakuten.co.jp,Female,H
394,Shir,Krolik,skrolikax@soundcloud.com,Female,I
395,Sibley,Stoneham,sstonehamay@google.nl,Female,I
396,Tamqrah,Gisburne,tgisburneaz@cbsnews.com,Female,J
397,Gabey,Jantzen,gjantzenb0@naver.com,Female,E
398,Chevy,Hebner,chebnerb1@com.com,Male,B
399,Claudell,Blaisdell,cblaisdellb2@feedburner.com,Male,J
400,Shelia,Clapshaw,sclapshawb3@bravesites.com,Female,C
401,Darb,Oak,doakb4@studiopress.com,Male,E
402,Sarena,Taft,staftb5@blog.com,Female,B
403,Jody,Aldham,jaldhamb6@nbcnews.com,Female,F
404,Alfonso,Larroway,alarrowayb7@netscape.com,Male,F
405,Christian,Burk,cburkb8@intel.com,Male,B
406,Vere,Ballinger,vballingerb9@e-recht24.de,Female,C
407,Binnie,Vedenyapin,bvedenyapinba@unc.edu,Female,G
408,Rafael,Colcutt,rcolcuttbb@walmart.com,Male,I
409,Filberto,Garoghan,fgaroghanbc@ed.gov,Male,D
410,Angy,Spawton,aspawtonbd@wix.com,Female,F
411,Lynsey,Thurgood,lthurgoodbe@newsvine.com,Female,J
412,Haroun,Cow,hcowbf@issuu.com,Male,H
413,Hesther,Salvatore,hsalvatorebg@tiny.cc,Female,J
414,Clevey,Hurkett,churkettbh@weather.com,Male,C
415,Monroe,Mico,mmicobi@cafepress.com,Male,F
416,Josepha,Ourry,jourrybj@ucla.edu,Female,B
417,Ophelie,Schruyer,oschruyerbk@google.es,Female,A
418,Nollie,Wedon,nwedonbl@moonfruit.com,Male,C
419,Freddy,Iremonger,firemongerbm@twitter.com,Female,H
420,Sherm,Littefair,slittefairbn@parallels.com,Male,D
421,Franciska,Semper,fsemperbo@geocities.jp,Female,I
422,Johnathan,Nerheny,jnerhenybp@google.ru,Male,B
423,Bear,McKain,bmckainbq@people.com.cn,Male,A
424,Querida,Caccavella,qcaccavellabr@reuters.com,Female,H
425,Raynard,Quakley,rquakleybs@blogger.com,Male,J
426,Jim,Short,jshortbt@squarespace.com,Male,A
427,Herve,Lots,hlotsbu@cnet.com,Male,E
428,Arlin,Rozec,arozecbv@chicagotribune.com,Male,G
429,Karil,Fentem,kfentembw@hhs.gov,Female,E
430,Halimeda,Foale,hfoalebx@cnbc.com,Female,F
431,Clim,Kerby,ckerbyby@msu.edu,Male,G
432,Den,Ticehurst,dticehurstbz@nps.gov,Male,J
433,Skye,Dollin,sdollinc0@nationalgeographic.com,Agender,B
434,Susi,Linzey,slinzeyc1@opensource.org,Female,C
435,Pip,O'Moylan,pomoylanc2@phoca.cz,Male,I
436,Sheela,Dyter,sdyterc3@pinterest.com,Genderfluid,D
437,Arlin,Skirvin,askirvinc4@yellowpages.com,Male,G
438,Shelli,Burgon,sburgonc5@blogtalkradio.com,Female,C
439,Torrey,Dignan,tdignanc6@aboutads.info,Male,D
440,Gardner,Iianon,giianonc7@irs.gov,Male,J
441,Randall,Entwhistle,rentwhistlec8@cam.ac.uk,Male,H
442,Allx,Thorlby,athorlbyc9@va.gov,Female,A
443,Kaitlynn,Mutter,kmutterca@qq.com,Female,H
444,Judye,Bernardot,jbernardotcb@xinhuanet.com,Female,C
445,Vonni,McCracken,vmccrackencc@free.fr,Female,D
446,Doti,Cayet,dcayetcd@squarespace.com,Female,D
447,Yves,Hold,yholdce@google.com.hk,Male,B
448,Rachelle,Petrichat,rpetrichatcf@bigcartel.com,Female,E
449,Frannie,Faivre,ffaivrecg@sitemeter.com,Genderqueer,C
450,Hilary,Claasen,hclaasench@skyrock.com,Female,C
451,Case,Bergstram,cbergstramci@digg.com,Male,H
452,Emerson,Bollini,ebollinicj@va.gov,Male,G
453,Nicolas,Peller,npellerck@de.vu,Male,H
454,Silvester,Minot,sminotcl@sphinn.com,Male,J
455,Roxy,Serridge,rserridgecm@mail.ru,Female,F
456,Evey,Ubsdale,eubsdalecn@upenn.edu,Female,F
457,Annalee,Phayre,aphayreco@pbs.org,Female,C
458,Cherice,Ginnaly,cginnalycp@ftc.gov,Female,H
459,Davidson,Belbin,dbelbincq@google.de,Male,F
460,Gayelord,Meneely,gmeneelycr@europa.eu,Male,I
461,Oralia,Gouinlock,ogouinlockcs@people.com.cn,Female,G
462,Del,Inge,dingect@miitbeian.gov.cn,Male,E
463,Katy,Sabie,ksabiecu@jigsy.com,Female,I
464,Brady,Thring,bthringcv@boston.com,Male,H
465,Frances,Chalcot,fchalcotcw@drupal.org,Female,F
466,Nickolas,Leindecker,nleindeckercx@cyberchimps.com,Male,C
467,Benjamin,Ventham,bventhamcy@mac.com,Male,H
468,Darrick,Daglish,ddaglishcz@wordpress.org,Male,A
469,Mandie,Thurstance,mthurstanced0@sciencedirect.com,Female,A
470,Lynna,Espina,lespinad1@timesonline.co.uk,Female,C
471,Selestina,Tatum,statumd2@php.net,Female,F
472,Carlin,Meanwell,cmeanwelld3@ft.com,Genderfluid,D
473,Janos,Dakhno,jdakhnod4@prnewswire.com,Male,I
474,Gerladina,Ogers,gogersd5@nytimes.com,Female,H
475,Nichole,Stoodale,nstoodaled6@list-manage.com,Male,B
476,Yorker,Jacobi,yjacobid7@youku.com,Male,F
477,Marci,Gallop,mgallopd8@blogs.com,Female,A
478,Beverlee,January 1st,bjanuarystd9@histats.com,Female,A
479,Kelcy,Ciobotaru,kciobotaruda@delicious.com,Female,A
480,Birdie,Merington,bmeringtondb@bing.com,Female,G
481,Elva,Cove,ecovedc@statcounter.com,Female,D
482,Clem,Phette,cphettedd@studiopress.com,Male,J
483,Conrad,Tran,ctrande@zdnet.com,Male,H
484,Vite,Romain,vromaindf@huffingtonpost.com,Male,J
485,Jori,Waldrum,jwaldrumdg@people.com.cn,Female,E
486,Drake,Hardingham,dhardinghamdh@unesco.org,Male,C
487,Druci,Pahl,dpahldi@acquirethisname.com,Female,G
488,Beauregard,Hazelden,bhazeldendj@google.co.jp,Male,H
489,Humberto,Quarlis,hquarlisdk@wordpress.com,Male,C
490,Julienne,Inger,jingerdl@scribd.com,Female,H
491,Elvina,Hambatch,ehambatchdm@woothemes.com,Female,G
492,Suzann,Sabey,ssabeydn@plala.or.jp,Female,E
493,Walden,Moxham,wmoxhamdo@pcworld.com,Male,J
494,Constancy,O'Conor,coconordp@icq.com,Agender,G
495,Mirabel,O'Spellissey,mospellisseydq@prweb.com,Female,F
496,Connie,Ciccottio,cciccottiodr@kickstarter.com,Genderqueer,E
497,Barbara,Dorber,bdorberds@blog.com,Female,C
498,Elsi,Frammingham,eframminghamdt@spotify.com,Female,G
499,Aldric,Jakobsson,ajakobssondu@netvibes.com,Male,E
500,Genni,Blewis,gblewisdv@smh.com.au,Female,B
