id,first_name,last_name,email,gender
1,Henrieta,Gasticke,hgasticke0@fda.gov,Female
2,Daisy,Kroger,dkroger1@imgur.com,Polygender
3,Maury,Currm,mcurrm2@techcrunch.com,Male
4,Baily,Dumblton,bdumblton3@independent.co.uk,Male
5,Sharline,Gaythor,sgaythor4@sciencedirect.com,Female
6,Hettie,Hazeldene,hhazeldene5@skyrock.com,Female
7,Modesta,Smewin,msmewin6@oracle.com,Female
8,Luis,Mougeot,lmougeot7@apache.org,Male
9,Fritz,Gurrado,fgurrado8@wordpress.org,Male
10,Madison,Hammatt,mhammatt9@adobe.com,Male
11,Hubey,Cockroft,hcockrofta@about.me,Agender
12,Esteban,Epsly,eepslyb@51.la,Male
13,Napoleon,Wyant,nwyantc@edublogs.org,Male
14,Ingaberg,Tenby,itenbyd@wired.com,Non-binary
15,Billie,Lyddon,blyddone@sciencedirect.com,Male
16,Milton,Sickert,msickertf@who.int,Male
17,Kearney,Kauffman,kkauffmang@exblog.jp,Male
18,Lindy,Duchasteau,lduchasteauh@mysql.com,Male
19,Gerik,Fuidge,gfuidgei@paginegialle.it,Male
20,Candie,Doel,cdoelj@yahoo.co.jp,Female
